{
    "admm_iterations": 6,
    "background_ratio": 10,
    "cheb_attenuation": 37.994056701660156,
    "filter_lr": 0.017412520945072174,
    "gsl_sigma": 1.3988184928894043,
    "histogram_bins": 23,
    "histogram_lr": 0.09536992758512497,
    "hog_clip": 0.47218018770217896,
    "hog_orientations": 7.169726848602295,
    "kaiser_alpha": 2.448106288909912,
    "num_hog_channels_used": 14,
    "number_of_scales": 75,
    "padding": 2.88761568069458,
    "psr_threshold": 0.09011946618556976,
    "scale_lr": 0.07486238330602646,
    "scale_model_max_area": 329.8966064453125,
    "scale_sigma_factor": 0.10239330679178238,
    "scale_step": 1.0697309970855713,
    "template_size": 521.7469482421875,
    "use_channel_weights": false,
    "use_color_names": false,
    "use_gray": true,
    "use_hog": false,
    "use_rgb": false,
    "use_segmentation": false,
    "weights_lr": 0.028233066201210022,
    "window_function": "kaiser"
}